insert into rol (id, nombre, descripcion) values
(1, 'Administrador', 'Rol con todos los permisos del sistema'),
(2, 'Servicio Web Toyota', 'Rol para los servicio web de Toyota');

insert into tipo_permiso (id, nombre) values
(1, 'Módulo'),
(2, 'Página'),
(3, 'Acción');

insert into permiso (id, descripcion, id_permiso, id_tipo_permiso) values
-- SOLICITUD PREVIA
('SLPR1', 'Solicitud Previa', null, 1),
('SLPR2', 'Crear Solicitud Previa', 'SLPR1', 2),
('SLPR3', 'Ver Solicitud Previa', 'SLPR1', 2),
('SLPR4', 'Cancelar Solicitud Previa', 'SLPR1', 3),
('SLPR5', 'Exportar Solicitud Previa', 'SLPR1', 3),
('SLPR6', 'Habilitar Solicitud Previa', 'SLPR1', 3),
-- MATRICULA AFIANZADA
('MTAF1', 'Matricula Afianzada', null, 1),
('MTAF2', 'Crear Matricula Afianzada', 'MTAF1', 2),
('MTAF3', 'Editar Matricula Afianzada', 'MTAF1', 2),
('MTAF4', 'Exportar Matricula Afianzada', 'MTAF1', 3),
('MTAF5', 'Anular Matricula Afianzada', 'MTAF1', 3),
-- TARJA RECEPCIÓN
('TRRC1', 'Tarja Recepción', null, 1),
('TRRC2', 'Crear Tarja', 'TRRC1', 2),
('TRRC3', 'Editar Tarja', 'TRRC1', 2),
('TRRC4', 'Ver Historial', 'TRRC1', 2),
-- ('TRRC4', 'Seleccionar Matricula Afianzada', 'TRRC1', 3),
('TRRC5', 'Seleccionar Ítems Matricula Afianzada', 'TRRC1', 3),
-- ('TRRC6', 'Generar Tarja', 'TRRC1', 3),
('TRRC7', 'Lector de Barras Tarja', 'TRRC1', 3),
('TRRC8', 'Exportar Tarja', 'TRRC1', 3),
-- ADMINISTRACIÓN
('AD1', 'Administración', null, 2),
-- CLIENTES
('ADCL1', 'Listar Clientes', 'AD1', 2),
('ADCL2', 'Crear Clientes', 'AD1', 2),
('ADCL3', 'Editar Clientes', 'AD1', 2),
('ADCL4', 'Deshabilitar Clientes', 'AD1', 3),
-- PRODUCTOS
('ADPR1', 'Listar Productos', 'AD1', 2),
('ADPR2', 'Crear Productos', 'AD1', 2),
('ADPR3', 'Editar Productos', 'AD1', 2),
('ADPR4', 'Deshabilitar Productos', 'AD1', 3),
-- EXPORTADORES
('ADEX1', 'Listar Exportadores', 'AD1', 2),
('ADEX2', 'Crear Exportadores', 'AD1', 2),
('ADEX3', 'Editar Exportadores', 'AD1', 2),
('ADEX4', 'Deshabilitar Exportadores', 'AD1', 3),
-- CATALOGO
('ADCT1', 'Listar Catálogo', 'AD1', 2),
-- USUARIOS
('ADUS1', 'Listar Usurios', 'AD1', 2),
('ADUS2', 'Crear Usuarios', 'AD1', 2),
('ADUS3', 'Editar Usuarios', 'AD1', 2),
('ADUS4', 'Deshabilitar Usuarios', 'AD1', 3),
-- ROLES
('ADRL1', 'Listar Roles', 'AD1', 2),
('ADRL2', 'Crear Roles', 'AD1', 2),
('ADRL3', 'Editar Roles', 'AD1', 2),
('ADRL4', 'Eliminar Roles', 'AD1', 3),
-- RACKS
('RCKS1', 'Racks', null, 1),
('RCKS2', 'Visualizar Rack', 'RCKS1', 2),
('RCKS3', 'Crear Racks', 'RCKS1', 2),
('RCKS4', 'Editar Racks', 'RCKS1', 2),
-- NOTIFICACIÓN DE RETIRO
('NTRT1', 'Notificación de Retiro', null, 1),
('NTRT2', 'Crear Notificación de Retiro', 'NTRT1', 2),
('NTRT3', 'Editar Notificación de Retiro', 'NTRT1', 2),
('NTRT4', 'Visualizar Notificación de Retiro', 'NTRT1', 2),
('NTRT5', 'Exportar Notificación de Retiro', 'NTRT1', 3),
('NTRT6', 'Anular Notificación de Retiro', 'NTRT1', 3),
-- FACTURA INFORMATIVA
('FCIN1', 'Factura Informativa', null, 1),
('FCIN2', 'Crear Factura Informativa', 'FCIN1', 2),
('FCIN3', 'Editar Factura Informativa', 'FCIN1', 2),
('FCIN4', 'Visualizar Factura Informativa', 'FCIN1', 2),
('FCIN5', 'Exportar Factura Informativa', 'FCIN1', 3),
('FCIN6', 'Anular Factura Informativa', 'FCIN1', 3),
-- NOTIFICACIÓN DE EGRESO VEHÍCULO
('NTEGVH1', 'Notificación de Egreso del Vehículo', null, 1),
('NTEGVH2', 'Crear Notificación de Egreso del Vehículo', 'NTEGVH1', 2),
('NTEGVH3', 'Editar Notificación de Egreso del Vehículo', 'NTEGVH1', 2),
('NTEGVH4', 'Visualizar Notificación de Egreso del Vehículo', 'NTEGVH1', 2),
('NTEGVH5', 'Exportar Notificación de Egreso del Vehículo', 'NTEGVH1', 2),
('NTEGVH6', 'Anular Notificación de Egreso del Vehículo', 'NTEGVH1', 3),
-- PUERTO-EMBARQUE
('PREM1', 'Listar Puerto Embarque', 'AD1', 2),
('PREM2', 'Crear Puerto Embarque', 'AD1', 2),
('PREM3', 'Editar Puerto Embarque', 'AD1', 2),
('PREM4', 'Deshabilitar Puerto Embarque', 'AD1', 3),
-- PUERTO-DESPACHO
('PRDE1', 'Listar Puerto Despacho', 'AD1', 2),
('PRDE2', 'Crear Puerto Despacho', 'AD1', 2),
('PRDE3', 'Editar Puerto Despacho', 'AD1', 2),
('PRDE4', 'Deshabilitar Puerto Despacho', 'AD1', 3),
-- PERSONA-AUTORIZADA
('PRAU1', 'Listar Persona Autorizada', 'AD1', 2),
('PRAU2', 'Crear Persona Autorizada', 'AD1', 2),
('PRAU3', 'Editar Persona Autorizada', 'AD1', 2),
('PRAU4', 'Deshabilitar Persona Autorizada', 'AD1', 3),
-- CORREO ELECTRÓNICO
('CRRELC1', 'Listar Correo Electrónico', 'AD1', 2),
('CRRELC2', 'Crear Correo Electrónico', 'AD1', 2);

insert into ruta(id, path, metodo) values
('USR1', '/usuario', 'POST'),
('USR2', '/usuario', 'GET'),
('USR3', '/usuario/:nick', 'GET'),
('USR4', '/usuario/id/:id', 'GET'),
('USR5', '/usuario/:id', 'PUT'),
('USR6', '/usuario/:id', 'DELETE'),
('USR7', '/usuario/upload-image', 'POST'),
('CLN1', '/cliente', 'POST'),
('CLN2', '/cliente', 'GET'),
('CLN3', '/cliente/id/:id', 'GET'),
('CLN4', '/cliente/:id', 'PUT'),
('CLN5', '/cliente/:id', 'DELETE'),
('PRD1', '/producto', 'POST'),
('PRD2', '/producto', 'GET'),
('PRD3', '/producto/id/:id', 'GET'),
('PRD4', '/producto/:id', 'PUT'),
('PRD5', '/producto/:id', 'DELETE'),
('MTRAFN1', '/matricula-afianzada', 'POST'),
('MTRAFN2', '/matricula-afianzada', 'GET'),
('MTRAFN3', '/matricula-afianzada/id/:id', 'GET'),
('MTRAFN4', '/matricula-afianzada/exportarPDF/:id', 'GET'),
('MTRAFN5', '/matricula-afianzada/:id', 'PUT'),
('MTRAFN6', '/matricula-afianzada/:id', 'DELETE'),
('SLCPRV1', '/solicitud-previa', 'POST'),
('SLCPRV2', '/solicitud-previa', 'GET'),
('SLCPRV3', '/solicitud-previa/id/:id', 'GET'),
('SLCPRV4', '/solicitud-previa/exportarPDF/:id', 'GET'),
('SLCPRV5', '/solicitud-previa/idSolicitudPrevia/:id', 'GET'),
('SLCPRV6', '/solicitud-previa/:id', 'PUT'),
('SLCPRV7', '/solicitud-previa/:id', 'DELETE'),
('SLCPRV8', '/solicitud-previa/cancelar:id', 'PUT'),
('SLCPRV9', '/solicitud-previa/habilitar:id', 'PUT'),
('SLCPRVDTL1', '/solicitud-previa-detalle', 'POST'),
('SLCPRVDTL2', '/solicitud-previa-detalle', 'GET'),
('SLCPRVDTL3', '/solicitud-previa-detalle/por-cabecera/:idCabecera', 'GET'),
('SLCPRVDTL4', '/solicitud-previa-detalle/id/:id', 'GET'),
('SLCPRVDTL5', '/solicitud-previa-detalle/producto/:idSolicitudPreviaDetalle', 'GET'),
('SLCPRVDTL6', '/solicitud-previa-detalle/:id', 'PUT'),
('SLCPRVDTL7', '/solicitud-previa-detalle/:id', 'DELETE'),
('TRJRCPVHC1', '/tarja-recepcion-vehiculo', 'POST'),
('TRJRCPVHC2', '/tarja-recepcion-vehiculo/subir-fotos', 'POST'),
('TRJRCPVHC3', '/tarja-recepcion-vehiculo', 'GET'),
('TRJRCPVHC4', '/tarja-recepcion-vehiculo/:id', 'GET'),
('TRJRCPVHC5', '/tarja-recepcion-vehiculo/join-all/:id', 'GET'),
('TRJRCPVHC6', '/tarja-recepcion-vehiculo/por-detalle-item-producto-id/:idDetalleItemProducto', 'GET'),
('TRJRCPVHC7', '/tarja-recepcion-vehiculo/:id', 'PUT'),
('TRJRCPVHC8', '/tarja-recepcion-vehiculo/:id', 'DELETE'),
('TRJRCPVHC9', '/tarja-recepcion-vehiculo/:id', 'GET'),
('TRJRCPVHC10', '/tarja-recepcion-vehiculo/historial/:id', 'GET'),
('TRJRCPVHC11', '/tarja-recepcion-vehiculo/join-rack-control-vehiculo-control-fisico/:id', 'GET'),
('DTLITMPRD1', '/detalle-item-producto', 'POST'),
('DTLITMPRD2', '/detalle-item-producto', 'GET'),
('DTLITMPRD3', '/detalle-item-producto/por-detalle-sp/:idDetalleSP', 'GET'),
('DTLITMPRD4', '/detalle-item-producto/:id', 'GET'),
('DTLITMPRD5', '/detalle-item-producto/por-chasis/:chasis', 'GET'),
('DTLITMPRD6', '/detalle-item-producto/:id', 'PUT'),
('DTLITMPRD7', '/detalle-item-producto/:id', 'DELETE'),
('CTLCNTVHC1', '/catalogo-control-vehiculo', 'POST'),
('CTLCNTVHC2', '/catalogo-control-vehiculo', 'GET'),
('CTLCNTVHC3', '/catalogo-control-vehiculo/id/:id', 'GET'),
('CTLCNTVHC4', '/catalogo-control-vehiculo/:id', 'PUT'),
('CTLCNTVHC5', '/catalogo-control-vehiculo/:id', 'DELETE'),
('CTLCNTFSC1', '/catalogo-control-fisico', 'POST'),
('CTLCNTFSC2', '/catalogo-control-fisico', 'GET'),
('CTLCNTFSC3', '/catalogo-control-fisico/id/:id', 'GET'),
('CTLCNTFSC4', '/catalogo-control-fisico/:id', 'PUT'),
('CTLCNTFSC5', '/catalogo-control-fisico/:id', 'DELETE'),
('CNTFSC1', '/control-fisico', 'POST'),
('CNTFSC2', '/control-fisico', 'GET'),
('CNTFSC3', '/control-fisico/id/:id', 'GET'),
('CNTFSC4', '/control-fisico/:id', 'PUT'),
('CNTFSC5', '/control-fisico/:id', 'DELETE'),
('CNTVHC1', '/control-vehiculo', 'POST'),
('CNTVHC2', '/control-vehiculo', 'GET'),
('CNTVHC3', '/control-vehiculo/id/:id', 'GET'),
('CNTVHC4', '/control-vehiculo/:id', 'PUT'),
('CNTVHC5', '/control-vehiculo/:id', 'DELETE'),
('EXP1', '/exportador', 'POST'),
('EXP2', '/exportador', 'GET'),
('EXP3', '/exportador/id/:id', 'GET'),
('EXP4', '/exportador/:id', 'PUT'),
('EXP5', '/exportador/:id', 'DELETE'),
('PRMRFR1', '/parametro-referencia', 'GET'),
('PRMRFR2', '/parametro-referencia/id/:id', 'GET'),
('PRMRFR3', '/parametro-referencia/:id', 'PUT'),
('BDG1', '/bodega', 'POST'),
('BDG2', '/bodega', 'GET'),
('BDG3', '/bodega/id/:id', 'GET'),
('BDG4', '/bodega/:id', 'PUT'),
('BDG5', '/bodega/:id', 'DELETE'),
('RCK1', '/rack', 'POST'),
('RCK2', '/rack', 'GET'),
('RCK3', '/rack/id/:id', 'GET'),
('RCK4', '/rack/por-bodega/:idBodega', 'GET'),
('RCK5', '/rack/:id', 'PUT'),
('RCK6', '/rack/:id', 'DELETE');

-- insert into permiso_ruta(id_permiso, id_ruta) values
-- (1, 25),

insert into rol_permiso (rol_id, permiso_id) values
(1, 'SLPR1'),
(1, 'SLPR2'),
(1, 'SLPR3'),
(1, 'SLPR4'),
(1, 'SLPR5'),
(1, 'SLPR6'),
(1, 'MTAF1'),
(1, 'MTAF2'),
(1, 'MTAF3'),
(1, 'MTAF4'),
(1, 'TRRC1'),
(1, 'TRRC2'),
(1, 'TRRC3'),
-- (1, 'TRRC4'),
(1, 'TRRC5'),
-- (1, 'TRRC6'),
(1, 'TRRC7'),
(1, 'TRRC8'),
(1, 'AD1'),
(1, 'ADCL1'),
(1, 'ADCL2'),
(1, 'ADCL3'),
(1, 'ADCL4'),
(1, 'ADPR1'),
(1, 'ADPR2'),
(1, 'ADPR3'),
(1, 'ADPR4'),
(1, 'ADEX1'),
(1, 'ADEX2'),
(1, 'ADEX3'),
(1, 'ADEX4'),
(1, 'ADCT1'),
(1, 'ADUS1'),
(1, 'ADUS2'),
(1, 'ADUS3'),
(1, 'ADUS4'),
(1, 'ADRL1'),
(1, 'ADRL2'),
(1, 'ADRL3'),
(1, 'ADRL4'),
(1, 'RCKS1'),
(1, 'RCKS2'),
(1, 'RCKS3'),
(1, 'RCKS4'),
(1, 'NTRT1'),
(1, 'NTRT2'),
(1, 'NTRT3'),
(1, 'NTRT4'),
(1, 'NTRT5'),
(1, 'FCIN1'),
(1, 'FCIN2'),
(1, 'FCIN3'),
(1, 'FCIN4'),
(1, 'FCIN5'),
(1, 'NTEGVH1'),
(1, 'NTEGVH2'),
(1, 'NTEGVH3'),
(1, 'NTEGVH4'),
(1, 'NTEGVH5'),
(1, 'PREM1'),
(1, 'PREM2'),
(1, 'PREM3'),
(1, 'PREM4'),
(1, 'PRDE1'),
(1, 'PRDE2'),
(1, 'PRDE3'),
(1, 'PRDE4'),
(1, 'PRAU1'),
(1, 'PRAU2'),
(1, 'PRAU3'),
(1, 'PRAU4'),
(2, 'SLPR2'),
(1, 'CRRELC1'),
(1, 'CRRELC2'),
(1, 'NTRT6'),
(1, 'FCIN6'),
(1, 'MTAF5'),
(1, 'NTEGVH6');

insert into usuario (id, cedula, nombre, apellido, nickname, password, numero_contacto, email, estado, nombre_foto, id_rol) values
(1, '0000000001', 'Administrador', 'Tabacarcen', 'admin', 'admin',  '9999999999', 'admin-tabacarcen@lmi-int.com', true, 'user_male.svg', 1),
(2, '0000000001', 'Toyota', 'Toyota', 'toyota', '79ba6c4348',  '9999999999', 'toyota@toyota.com', true, 'user_male.svg', 2);

insert into cliente(id, ruc, nombre, direccion, telefono, consignatario, email, domiciliado, estado) values
(1,'1792073634001', 'TOYOTA DEL ECUADOR S.A.', 'AV. GALO PLAZA LASSO N69-309', '02 3962500', 'NA', 'NA', 'Quito', 1),
(2,'1790009459001', 'CASABACA S.A.', 'AV. 10 DE AGOSTO N21-281 Y CARRION', '02 2612345', 'NA', 'NA', 'Quito', 1);

insert into producto(descripcion, partida_arancelaria, marca, tipo, estado) values
('NEW FORTUNER AC 2.7 5P 4X4 TM', '8703.23.1.90', 'TOYOTA', 'Sedan', 1);

insert into persona_autorizada_cliente(nombre, cedula, id_cliente, estado) values
('DAVID EDUARDO CAMACHO VILLEGAS','1712345678', 1, 1);

INSERT INTO public.exportador(ruc, nombre, direccion, telefono, email, pais_origen, estado)
VALUES ('0000000000', 'TOYOTA TSUHO CORPORATION', 'Direccion Prueba', '0999999999', 'prueba@mail.com', 'INDONESIA', 1);

insert into catalogo_control_vehiculo(id, nombre) values
(1,'LLAVES DE ENCENDIDO'),
(2,'AIRE ACONDICIONADO'),
-- (3,'LLAVES DE ENCENDIDO'),
(4,'CONTROLES'),
(5,'RADIO'),
(6,'CALEFACCIÓN'),
(7,'PARLANTES'),
(8,'LIMPIA VIDRIOS'),
(9,'ENCENDEDOR'),
(10,'INSIGNIAS'),
(11,'CENICERO'),
(12,'ESPEJOS RETROVISORES'),
(13,'RELOG'),
(14,'BORLA PALANCA DE CAMBIOS'),
(15,'TAPA DE COMBUSTIBLE'),
(16,'LLANTA DE EMERGENCIA'),
(17,'VISERAS'),
(18,'TAPACUBOS'),
(19,'ALFOMBRA/MOQUETA'),
(20,'CINTURONES DE SEGURIDAD'),
(21,'GATA'),
(22,'PALANCAS'),
(23,'HERRAMIENTAS'),
(24,'GANCHOS DE TIRO'),
(25,'ANTENA'),
(26,'CABECERAS'),
(27,'MANUALES'),
(28,'LLAVE DE RUEDAS');

insert into catalogo_control_fisico (nombre, url_imagen) values
('NA', 'assets/img/control-fisico/cf1.png'),
('NA', 'assets/img/control-fisico/cf2.png'),
('NA', 'assets/img/control-fisico/cf3.png'),
('NA', 'assets/img/control-fisico/cf4.png'),
('NA', 'assets/img/control-fisico/cf5.png'),
('NA', 'assets/img/control-fisico/cf6.png'),
('NA', 'assets/img/control-fisico/cf7.png'),
('NA', 'assets/img/control-fisico/cf8.png'),
('NA', 'assets/img/control-fisico/cf9.png'),
('NA', 'assets/img/control-fisico/cf10.png'),
('NA', 'assets/img/control-fisico/cf11.png'),
('NA', 'assets/img/control-fisico/cf12.png'),
('NA', 'assets/img/control-fisico/cf13.png'),
('NA', 'assets/img/control-fisico/cf14.png'),
('NA', 'assets/img/control-fisico/cf15.png'),
('NA', 'assets/img/control-fisico/cf16.png');


insert into parametro_referencia(codigo_proceso, codigo, indice, maximo_tamanio) values
('001_SOLICITUD_PREVIA', '2020-SP-DAT-', 1,5),
('002_MATRICULA_AFIANZADA', '2020-MA-DAT-',1,5),
('003_TARJA_RECEPCION', '2020-TAR-DAT-',1,5),
('004_NOTIFICACION_RETIRO', '2020-NR-DAT-',1,5),
('005_NOTIFICACION_EGRESO_VEHICULO', '2020-EV-DAT-',1,5),
('006_FACTURA_INFORMATIVA', '2020-FI-DAT-',1,5);

insert into correo(valor) values
('jefe.it@tabacarcen.com'),
('jponce@tde.com.ec'),
('vrivera@tde.com.ec');
